test_size,n_test,accuracy,precision,recall,f1,roc_auc
0.1,957,0.774294670846395,0.7485493230174082,0.8181818181818182,0.7818181818181819,0.8694306606328518
0.15,1435,0.7797909407665505,0.7755960729312763,0.7799717912552891,0.7777777777777778,0.8738620335940506
0.2,1913,0.7856769472033456,0.783068783068783,0.783068783068783,0.783068783068783,0.8728016091652455
0.25,2391,0.7913007109995818,0.7741157556270096,0.8154106689246401,0.7942268041237114,0.8780645341880042
0.3,2870,0.783623693379791,0.7761607761607762,0.7898448519040903,0.7829430269136666,0.8744366022061879
0.35,3348,0.7816606929510155,0.7591240875912408,0.8174123337363967,0.7871906841339156,0.8694894063834373
0.4,3826,0.7780972294824883,0.7821138211382114,0.7634920634920634,0.7726907630522089,0.8728531254099436
0.45,4304,0.7771840148698885,0.7745882352941177,0.7742238946378175,0.7744060221124441,0.8689049910720996
0.5,4782,0.7827268925135926,0.7701102490812577,0.7984758679085521,0.7840365828310123,0.8697744417463839
